名称,販売コード,値段/個(円),数量(個),総計(円),納期,URL
オープンエンドベルト ポリウレタン・クロロプレンゴム,TBO-XL025-360,"1,848",1,1848,17:00までの注文で当日出荷,https://jp.misumi-ec.com/vona2/detail/110300414430/?PNSearch=TBO-XL025-360&HissuCode=TBO-XL025-360&Keyword=TBO-XL025-360&list=SuggestPreview&searchFlow=suggest2products
ニクロム線 5M 産業機械用ケーブル Φ0.26mm発熱線仕様,87198955,333,1,333,当日出荷,https://www.monotaro.com/g/00959317/?t.q=87198955
ミニチュア ステンレス玉軸受 両側鋼板シールド形 単列 フラット ラジアル 600番台 693HZZ,88927447,175,30,5250,当日出荷,https://www.monotaro.com/p/8892/7447/?t.q=88927447
プラスチックシリンジ 50mL,60949061,384,4,1536,当日出荷,https://www.monotaro.com/p/6094/9061/?t.q=60949061
タッチチューブTEシリーズ(耐水性ポリウレタンチューブ) 透明色 長さ5m,5843311,703,1,703,当日出荷,https://www.monotaro.com/p/0584/3311/?t.q=05843311
チェックバルブ,26573968,603,4,2412,当日出荷,https://www.monotaro.com/g/01574012/?t.q=26573968
ステッピングモータドライバモジュールTMC2208 (6個入り),,"2,699",1,2699,翌日配送,https://amzn.asia/d/dgjtnh2
NchパワーMOSFET 60V40A TK40E06N1,108349,50,2,100,未記載 在庫あり,https://akizukidenshi.com/catalog/g/g108349/
XHコネクター ベース付ポスト トップ型 6P B6B-XH-A(LF)(SN),112251,15,7,105,未記載 在庫あり,https://akizukidenshi.com/catalog/g/g112251/
